pair,version,quality,workload,fps,cpuP50,cpuP95,gapP95,inputSubmissionP95,uploadKiB
0,baseline,high,opening-touch,59.73810183172232,3.699999999254942,4.5,17.699999999254942,28.5,313.7972371688742
0,baseline,high,revealed-idle,60.00438570260058,6.099999997764826,9.199999999254942,18.800000000745058,,895.001953125
0,baseline,high,revealed-touch,60.02448367099755,6.599999997764826,8,18.099999997764826,24.300000000745058,890.0143721731085
0,baseline,high,revealed-touch-cpu4,28.544202364967298,32.099999997764826,45.80000000074506,49.30000000074506,146.5,890.198540046472
0,candidate,high,opening-touch,59.69740267364331,3,4.5,18,27.5,184.92147797131148
0,candidate,high,revealed-idle,60.08103954172529,3.900000002235174,5.300000000745058,18.199999999254942,,321.302734375
0,candidate,high,revealed-touch,59.57530475815965,5.199999999254942,6.600000001490116,18.399999998509884,30.100000001490116,365.06134617367985
0,candidate,high,revealed-touch-cpu4,40.07077751902053,21.900000002235174,33.19999999925494,36.20000000298023,107.90000000223517,338.85703065724584
0,baseline,medium,opening-touch,59.8282160134268,3.100000001490116,4.5,17.5,28.600000001490116,294.0988165222772
0,baseline,medium,revealed-idle,59.913724237107495,4.5,6.599999997764826,18.5,,802.361328125
0,baseline,medium,revealed-touch,59.95418782989742,5.099999997764826,6.900000002235174,18.5,30.199999999254942,793.9020257994187
0,baseline,medium,revealed-touch-cpu4,28.949970692071787,31.599999997764826,42.80000000074506,46.19999999925494,138.90000000223517,794.0429325251159
0,candidate,medium,opening-touch,59.60756722950977,2.699999999254942,3.900000002235174,18,27.899999998509884,180.38783299180326
0,candidate,medium,revealed-idle,59.97449589542427,3.7000000029802322,4.900000002235174,17.899999998509884,,311.568359375
0,candidate,medium,revealed-touch,60.10309073179389,4.800000000745058,6.100000001490116,17.899999998509884,30.100000001490116,345.0872438948675
0,candidate,medium,revealed-touch-cpu4,56.81507784758263,15.300000000745058,21,25.300000000745058,74.89999999850988,326.10414162660254
0,baseline,clarity,opening-touch,40.07106198183972,4.100000001490116,5.5,26.399999998509884,29.199999999254942,271.4624191810345
0,baseline,clarity,revealed-idle,40.09495122777129,6.300000000745058,8.800000000745058,27.699999999254942,,741.001953125
0,baseline,clarity,revealed-touch,40.07704130271582,5.199999999254942,7.899999998509884,27.099999997764826,37.69999999925494,734.7646579186893
0,baseline,clarity,revealed-touch-cpu4,34.71079643763477,26.200000002980232,34.80000000074506,37.79999999701977,117.60000000149012,734.4476687930046
0,candidate,clarity,opening-touch,39.970363437864435,2.7000000029802322,4.200000002980232,26.399999998509884,28.199999999254942,175.67111280487805
0,candidate,clarity,revealed-idle,40.06298459268109,3.400000002235174,5.100000001490116,26.100000001490116,,311.240234375
0,candidate,clarity,revealed-touch,40.000796035724214,4.899999998509884,6.199999999254942,26.800000000745058,29.599999997764826,339.90449121579604
0,candidate,clarity,revealed-touch-cpu4,39.602082073543556,17.699999999254942,24.900000002235174,30.899999998509884,69,336.5625701721557
1,candidate,high,opening-touch,59.46810170019414,2.899999998509884,3.800000000745058,17.699999999254942,27.600000001490116,184.90211321721313
1,candidate,high,revealed-idle,59.8515681111023,3.599999997764826,4.800000000745058,17.899999998509884,,321.302734375
1,candidate,high,revealed-touch,60.09471882832524,3.900000002235174,5.599999997764826,18.199999999254942,29.5,365.20841525248346
1,candidate,high,revealed-touch-cpu4,52.930903920741315,16.699999999254942,24.5,27.5,84,338.5174241560219
1,baseline,high,opening-touch,59.86722516400154,3.100000001490116,4.600000001490116,17.900000002235174,28.899999998509884,313.84037231848185
1,baseline,high,revealed-idle,59.96282304973597,4.5,6.199999999254942,18.199999999254942,,895.001953125
1,baseline,high,revealed-touch,59.952752466590304,5,6.5,18.399999998509884,29.699999999254942,890.0595250413908
1,baseline,high,revealed-touch-cpu4,32.65354587823316,28.699999999254942,35,37.80000000074506,125.5,889.9983783143939
1,candidate,medium,opening-touch,59.36161930712339,2.600000001490116,3.899999998509884,17.900000002235174,28.199999999254942,180.38783299180326
1,candidate,medium,revealed-idle,59.83485579798864,3.100000001490116,4.600000001490116,17.800000000745058,,311.568359375
1,candidate,medium,revealed-touch,60.02233389167171,4.100000001490116,5.899999998509884,18.300000000745058,21.600000001490116,345.1986023151993
1,candidate,medium,revealed-touch-cpu4,54.77480008075055,15.899999998509884,22.399999998509884,25.699999999254942,78.39999999850988,326.9376001602564
1,baseline,medium,opening-touch,59.90036375135737,3.399999998509884,4.800000000745058,17.900000002235174,28.699999999254942,294.0988165222772
1,baseline,medium,revealed-idle,60.02592481802772,5,7.199999999254942,18.199999999254942,,802.361328125
1,baseline,medium,revealed-touch,60.00199342170836,7.100000001490116,10.100000001490116,18.699999999254942,25.799999997019768,793.9020257994187
1,baseline,medium,revealed-touch-cpu4,24.99473481341297,36.80000000074506,49.19999999925494,52.80000000074506,157.69999999925494,793.8293825765103
1,candidate,clarity,opening-touch,40.05138668480878,3.800000000745058,5.800000000745058,27.199999999254942,30.800000000745058,175.23291936910377
1,candidate,clarity,revealed-idle,39.982407740600095,3.899999998509884,4.699999999254942,26.300000000745058,,311.240234375
1,candidate,clarity,revealed-touch,39.835347231449,4,7.5,27,30.799999997019768,339.582421875
1,candidate,clarity,revealed-touch-cpu4,39.885855113810976,19.100000001490116,26.100000001490116,31.800000000745058,75.60000000149012,334.5104854759485
1,baseline,clarity,opening-touch,40.08134736510156,3.300000000745058,4.699999999254942,26.799999997019768,28.5,271.39453125
1,baseline,clarity,revealed-idle,39.897065570839125,7.800000000745058,10.399999998509884,27.599999997764826,,741.001953125
1,baseline,clarity,revealed-touch,40.00871785293129,8.5,11.100000001490116,27.399999998509884,43,736.3260122811284
1,baseline,clarity,revealed-touch-cpu4,22.537556613052057,39.80000000074506,57,60.900000002235174,184.20000000298023,734.5810484673567
2,baseline,high,opening-touch,59.8553988384585,3.800000000745058,5.300000000745058,17.899999998509884,21.300000000745058,313.84037231848185
2,baseline,high,revealed-idle,60.02472779482123,5.5,7.199999999254942,18.199999999254942,,895.001953125
2,baseline,high,revealed-touch,59.9406528189911,6.400000002235174,9,18.800000000745058,30.100000001490116,890.0687074566831
2,baseline,high,revealed-touch-cpu4,26.200909569549754,35.400000002235174,45.19999999925494,48.30000000074506,145.30000000074506,890.11977415447
2,candidate,high,opening-touch,59.411340748396725,2.899999998509884,4.099999997764826,17.800000000745058,28.599999997764826,184.8773693647541
2,candidate,high,revealed-idle,60.01156369002227,3.5,4.199999999254942,17.599999997764826,,321.302734375
2,candidate,high,revealed-touch,60.0331079598894,4.299999997019768,5.199999999254942,17.800000000745058,21.199999999254942,365.3542813019103
2,candidate,high,revealed-touch-cpu4,41.02544347925793,22.199999999254942,27.699999999254942,30.600000001490116,93.30000000074506,339.84806888204224
2,baseline,medium,opening-touch,59.796059796059794,3.300000000745058,4.399999998509884,17.699999999254942,28.5,294.05559292218544
2,baseline,medium,revealed-idle,60.02712188893304,4.800000000745058,6,17.899999998509884,,802.361328125
2,baseline,medium,revealed-touch,59.94702356055659,5.600000001490116,8,18.400000002235174,24.300000000745058,793.9020257994187
2,baseline,medium,revealed-touch-cpu4,29.81953554667221,30.699999999254942,37.399999998509884,40.80000000074506,129.80000000074506,793.8141061075079
2,candidate,medium,opening-touch,59.215252295813016,2.900000002235174,4.199999999254942,17.899999998509884,27.299999997019768,180.36846823770492
2,candidate,medium,revealed-idle,60.00797448165869,3.400000002235174,4.600000001490116,17.899999998509884,,311.568359375
2,candidate,medium,revealed-touch,59.9721059972106,3.699999999254942,4.800000000745058,17.899999998509884,29,345.1986023151993
2,candidate,medium,revealed-touch-cpu4,48.67309650752355,18.199999999254942,23.800000000745058,26.700000002980232,81.69999999925494,325.06417668269233
2,baseline,clarity,opening-touch,40.0623630873852,3.300000000745058,4.300000000745058,26.300000000745058,28.100000001490116,271.39453125
2,baseline,clarity,revealed-idle,40.103750997605744,5.100000001490116,6.899999998509884,26.300000000745058,,741.001953125
2,baseline,clarity,revealed-touch,40.12748636818597,6,8.699999999254942,27.099999997764826,39.600000001490116,735.1571284389952
2,baseline,clarity,revealed-touch-cpu4,29.549759850306938,31.100000001490116,40,43,137.19999999925494,734.8276658013323
2,candidate,clarity,opening-touch,40.08803647224692,2.900000002235174,3.900000002235174,26.199999999254942,27.800000000745058,175.6795534620098
2,candidate,clarity,revealed-idle,40.15743312091576,3.699999999254942,4.599999997764826,26,,311.240234375
2,candidate,clarity,revealed-touch,39.8755881649432,4.099999997764826,4.899999998509884,26.199999999254942,28.699999999254942,339.72685546875
2,candidate,clarity,revealed-touch-cpu4,39.59248708415818,20.600000001490116,27.800000000745058,31.799999997019768,84.5,331.2441692073171
3,candidate,high,opening-touch,58.928880928962656,3.199999999254942,4.799999997019768,18.300000000745058,28.300000000745058,184.8879825367647
3,candidate,high,revealed-idle,60.03789767627406,3.800000000745058,4.800000000745058,18.199999999254942,,321.302734375
3,candidate,high,revealed-touch,59.997209432137254,4.600000001490116,6,17.899999998509884,21.699999999254942,365.3542813019103
3,candidate,high,revealed-touch-cpu4,45.61975355786576,19.600000001490116,27.099999997764826,30.299999997019768,96.29999999701977,338.56749521207024
3,baseline,high,opening-touch,59.90865413128921,3.199999999254942,4.900000002235174,17.800000000745058,29.100000001490116,313.84037231848185
3,baseline,high,revealed-idle,60.02712188897763,4.700000002980232,7,18.700000002980232,,895.001953125
3,baseline,high,revealed-touch,59.95132664572011,5.400000002235174,7.399999998509884,18.599999997764826,30,890.0687074566831
3,baseline,high,revealed-touch-cpu4,30.333134644678456,30.5,39.80000000074506,42.900000002235174,140.30000000074506,889.9618074508734
3,candidate,medium,opening-touch,59.83559923880396,2.600000001490116,3.699999999254942,17.799999997019768,28,180.3437243852459
3,candidate,medium,revealed-idle,60.030713388227305,3.800000000745058,5.099999997764826,18.100000001490116,,311.568359375
3,candidate,medium,revealed-touch,59.71447779493198,4.399999998509884,6,18.099999997764826,21.900000002235174,345.08470871274835
3,candidate,medium,revealed-touch-cpu4,53.30830263532152,16.099999997764826,24.199999999254942,26.800000000745058,81.80000000074506,328.97982636004986
3,baseline,medium,opening-touch,59.91339252169248,2.899999998509884,4.300000000745058,17.800000000745058,28.5,294.0988165222772
3,baseline,medium,revealed-idle,60.04867733310269,4.700000002980232,6.5,18.399999998509884,,802.361328125
3,baseline,medium,revealed-touch,59.99801331081752,5,7.699999999254942,18.400000002235174,29.300000000745058,793.9300367342715
3,baseline,medium,revealed-touch-cpu4,33.79321192808793,27.199999999254942,36.69999999925494,39.30000000074506,123.39999999850988,793.653246996997
3,candidate,clarity,opening-touch,39.7358733126978,2.699999999254942,3.800000000745058,26.400000002235174,27.699999999254942,175.9429381127451
3,candidate,clarity,revealed-idle,39.94647172789058,3.800000000745058,5.200000002980232,26.5,,311.240234375
3,candidate,clarity,revealed-touch,40.08775428799362,4.800000000745058,6.100000001490116,26.199999999254942,29.900000002235174,339.34529500932837
3,candidate,clarity,revealed-touch-cpu4,39.91441548528428,17.699999999254942,22.399999998509884,29.300000000745058,58.5,337.3481644298589
3,baseline,clarity,opening-touch,39.99128902614092,3.2999999970197678,5.5,26.400000002235174,29.399999998509884,271.3415068069307
3,baseline,clarity,revealed-idle,40.09335168451322,4.699999999254942,6.100000001490116,26.700000002980232,,741.001953125
3,baseline,clarity,revealed-touch,39.927693132822256,5.300000000745058,7,26.700000002980232,31.199999999254942,734.5996385261194
3,baseline,clarity,revealed-touch-cpu4,37.05010585744987,24.899999998509884,32.399999998509884,35.19999999925494,112.79999999701977,735.098388671875
4,baseline,high,opening-touch,59.80459883548801,3.2999999970197678,4.300000000745058,17.600000001490116,28.799999997019768,313.84037231848185
4,baseline,high,revealed-idle,60.06425478417881,4.699999999254942,7,19,,895.001953125
4,baseline,high,revealed-touch,60.02329851719642,5.300000000745058,7.300000000745058,18.199999999254942,30,890.1515406558389
4,baseline,high,revealed-touch-cpu4,32.45491293532573,28.600000001490116,35.20000000298023,38.100000001490116,127.70000000298023,890.0278671173279
4,candidate,high,opening-touch,59.40324088502815,2.7999999970197678,3.5,17.699999999254942,27.5,184.90211321721313
4,candidate,high,revealed-idle,60.009170836756994,3.5,5.099999997764826,17.800000000745058,,321.302734375
4,candidate,high,revealed-touch,59.9350869158587,5.199999999254942,6.400000002235174,18.099999997764826,30,365.3542813019103
4,candidate,high,revealed-touch-cpu4,52.86841069686056,16.600000001490116,24.599999997764826,27.099999997764826,79.69999999925494,342.11445059668284
4,baseline,medium,opening-touch,59.922871551468404,2.900000002235174,4.399999998509884,17.800000000745058,28.799999997019768,294.0988165222772
4,baseline,medium,revealed-idle,60.059460861592825,4,5.400000002235174,18.5,,802.361328125
4,baseline,medium,revealed-touch,59.95060548118932,4.699999999254942,6.400000002235174,18.199999999254942,29.899999998509884,793.9020257994187
4,baseline,medium,revealed-touch-cpu4,34.93477602985638,26.399999998509884,34.399999998509884,36.900000002235174,116.40000000223517,793.6060505319149
4,candidate,medium,opening-touch,59.76599762494296,2.399999998509884,3.300000000745058,18,27.599999997764826,180.2887825732899
4,candidate,medium,revealed-idle,60.040292821086965,3.300000000745058,5,17.800000000745058,,311.568359375
4,candidate,medium,revealed-touch,60.06125452449082,4.400000002235174,6,17.899999998509884,29.5,345.0872438948675
4,candidate,medium,revealed-touch-cpu4,50.48393341076268,17.399999998509884,24.600000001490116,27.699999999254942,87.29999999701977,324.50710554064415
4,baseline,clarity,opening-touch,40.104310719500994,3.100000001490116,4.900000002235174,26.399999998509884,28.200000002980232,271.39453125
4,baseline,clarity,revealed-idle,40.1109536828122,4.699999999254942,6.800000000745058,26.5,,741.001953125
4,baseline,clarity,revealed-touch,39.91720875222312,6.199999999254942,9.199999999254942,27,40.399999998509884,735.4097764756945
4,baseline,clarity,revealed-touch-cpu4,26.91505376790183,32.900000002235174,53.400000002235174,57.899999998509884,172.39999999850988,734.6820499085131
4,candidate,clarity,opening-touch,39.727361246348586,2.800000000745058,4,26.399999998509884,27.899999998509884,175.79067095588235
4,candidate,clarity,revealed-idle,39.867639437057086,3.399999998509884,4.599999997764826,26.5,,311.240234375
4,candidate,clarity,revealed-touch,40.029474438884385,4,5.199999999254942,26.600000001490116,28.800000000745058,339.90449121579604
4,candidate,clarity,revealed-touch-cpu4,39.875649489742216,18.700000002980232,24.899999998509884,30.599999997764826,78.59999999776483,334.70378680268595